x,y,value,timestamp
545,631,0,22.834940000
564,614,0,22.839721000
563,629,0,22.840965000
549,621,0,22.842851000
559,627,0,22.843952000
549,624,0,22.846791000
544,608,0,22.847952000
536,636,0,22.848900000
552,624,0,22.851965000
552,616,0,22.853917000
540,627,0,22.854932000
553,617,0,22.856880000
559,629,0,22.860942000
549,611,0,22.864807000
546,639,0,22.865944000
559,619,0,22.867853000
525,624,0,22.870962000
566,613,0,22.872924000
543,609,0,22.873932000
548,606,0,22.875876000
535,614,0,22.876940000
550,636,0,22.879804000
560,613,0,22.880950000
542,616,0,22.881894000
549,602,0,22.884958000
554,628,0,22.886918000
548,638,0,22.887936000
559,621,0,22.889877000
559,627,0,22.890938000
550,636,0,22.891895000
548,620,0,22.893969000
548,610,0,22.894901000
564,602,0,22.895934000
531,615,0,22.897884000
559,609,0,22.898936000
559,627,0,22.900868000
551,629,0,22.901940000
563,612,0,22.903865000
533,633,0,22.906962000
540,608,0,22.908916000
565,604,0,22.909937000
530,626,0,22.911876000
537,628,0,22.913972000
543,628,0,22.914904000
538,614,0,22.915934000
555,630,0,22.916901000
532,631,0,22.917933000
536,631,0,22.919876000
557,612,0,22.920940000
539,609,0,22.921897000
563,609,0,22.922939000
527,619,0,22.927731000
547,638,0,22.928955000
544,627,0,22.930844000
551,638,0,22.931946000
547,602,0,22.933849000
547,611,0,22.937949000
561,632,0,22.941805000
536,611,0,22.942949000
551,626,0,22.945797000
529,631,0,22.947973000
541,616,0,22.948904000
549,628,0,22.950969000
538,641,0,22.952903000
555,631,0,22.953934000
554,636,0,22.956797000
535,637,0,22.958973000
539,610,0,22.959903000
519,624,0,22.961968000
519,625,0,22.963903000
536,614,0,22.964935000
526,633,0,22.971342000
532,638,0,22.974961000
536,636,0,22.978792000
559,605,0,22.979949000
552,633,0,22.983734000
533,630,0,22.985971000
537,638,0,22.989756000
540,618,0,22.990947000
551,637,0,22.993778000
562,613,0,22.995977000
555,617,0,23.000726000
554,616,0,23.001958000
556,636,0,23.002894000
553,629,0,23.003944000
527,620,0,23.008720000
542,632,0,23.009952000
569,610,0,23.011846000
550,604,0,23.012940000
520,626,0,23.014839000
550,630,0,23.018944000
526,617,0,23.022795000
544,634,0,23.023951000
552,607,0,23.025859000
544,637,0,23.026942000
532,616,0,23.028864000
567,621,0,23.031960000
530,629,0,23.033912000
559,615,0,23.034930000
550,627,0,23.036871000
547,633,0,23.038970000
532,637,0,23.044714000
552,637,0,23.045951000
556,627,0,23.047840000
558,617,0,23.048945000
555,610,0,23.052724000
561,634,0,23.053952000
562,613,0,23.055852000
557,633,0,23.056946000
559,605,0,23.059770000
564,613,0,23.061968000
549,628,0,23.062902000
561,635,0,23.064967000
527,631,0,23.066895000
557,621,0,23.067934000
549,632,0,23.069868000
552,627,0,23.070940000
533,617,0,23.071896000
563,625,0,23.073969000
556,606,0,23.074899000
565,614,0,23.075931000
523,625,0,23.077883000
563,617,0,23.078939000
525,629,0,23.081807000
554,632,0,23.082945000
559,608,0,23.083891000
533,630,0,23.086951000
553,626,0,23.088927000
554,631,0,23.089930000
553,620,0,23.091877000
549,604,0,23.092939000
549,614,0,23.093893000
519,622,0,23.096960000
551,606,0,23.099857000
560,619,0,23.100940000
545,617,0,23.102865000
540,631,0,23.103939000
543,610,0,23.105859000
569,612,0,23.106939000
566,611,0,23.110745000
553,631,0,23.111950000
547,627,0,23.114780000
541,613,0,23.116973000
541,616,0,23.121724000
531,627,0,23.122955000
529,620,0,23.123889000
540,639,0,23.124943000
556,614,0,23.129703000
555,613,0,23.130951000
532,624,0,23.132833000
569,616,0,23.133943000
564,606,0,23.136774000
564,628,0,23.140947000
543,622,0,23.143859000
551,626,0,23.144938000
548,609,0,23.147785000
551,628,0,23.149968000
556,605,0,23.150904000
557,609,0,23.152969000
538,619,0,23.154897000
557,618,0,23.155932000
529,636,0,23.157863000
525,618,0,23.158937000
557,609,0,23.162758000
557,612,0,23.163951000
536,632,0,23.165851000
534,631,0,23.166941000
564,617,0,23.168837000
548,622,0,23.171955000
555,620,0,23.173909000
540,625,0,23.174929000
547,619,0,23.176874000
544,623,0,23.177933000
542,625,0,23.179860000
519,632,0,23.181961000
536,619,0,23.182899000
553,638,0,23.183927000
562,617,0,23.184900000
525,617,0,23.185922000
565,615,0,23.187869000
542,619,0,23.188937000
555,602,0,23.191802000
542,634,0,23.193972000
534,613,0,23.198722000
543,621,0,23.199958000
565,602,0,23.202773000
546,628,0,23.204970000
531,632,0,23.209726000
543,625,0,23.210955000
536,636,0,23.211885000
552,607,0,23.212938000
558,603,0,23.217714000
542,608,0,23.218958000
542,624,0,23.220845000
553,638,0,23.221940000
546,625,0,23.223857000
560,608,0,23.225971000
565,610,0,23.226899000
551,612,0,23.228962000
554,603,0,23.231844000
545,620,0,23.232937000
535,621,0,23.234862000
563,621,0,23.238940000
527,635,0,23.242803000
547,634,0,23.243938000
522,626,0,23.246790000
526,633,0,23.247948000
536,638,0,23.248890000
548,630,0,23.251960000
549,626,0,23.253908000
569,608,0,23.254929000
521,628,0,23.256871000
540,616,0,23.260940000
562,605,0,23.264800000
562,612,0,23.265939000
549,617,0,23.266890000
542,632,0,23.267929000
529,629,0,23.272717000
522,622,0,23.273952000
543,608,0,23.275849000
533,631,0,23.276940000
524,635,0,23.279772000
540,638,0,23.280954000
534,632,0,23.281882000
538,628,0,23.284950000
544,607,0,23.286907000
526,624,0,23.287929000
521,630,0,23.289872000
548,624,0,23.290931000
536,614,0,23.294754000
561,611,0,23.295948000
551,621,0,23.297849000
557,615,0,23.298939000
524,630,0,23.299895000
536,614,0,23.300938000
559,628,0,23.305711000
550,637,0,23.306956000
559,628,0,23.308844000
534,622,0,23.309938000
543,629,0,23.311840000
532,628,0,23.314959000
542,612,0,23.315905000
546,639,0,23.316925000
543,624,0,23.319819000
524,623,0,23.320941000
551,639,0,23.323790000
540,638,0,23.324948000
552,607,0,23.325885000
534,612,0,23.326932000
533,618,0,23.330757000
538,634,0,23.331954000
521,625,0,23.333856000
531,629,0,23.334935000
538,621,0,23.335892000
545,640,0,23.337962000
549,638,0,23.338897000
544,634,0,23.339929000
538,623,0,23.341871000
523,625,0,23.342930000
523,631,0,23.344855000
554,635,0,23.345941000
524,635,0,23.347858000
522,628,0,23.350953000
518,630,0,23.352906000
524,630,0,23.353929000
521,631,0,23.355871000
562,602,0,23.357967000
537,633,0,23.358904000
550,641,0,23.360967000
520,630,0,23.363840000
536,619,0,23.364941000
540,638,0,23.365884000
566,619,0,23.366931000
554,614,0,23.371716000
548,605,0,23.372953000
563,620,0,23.374837000
550,616,0,23.375943000
524,626,0,23.377847000
540,618,0,23.378936000
542,623,0,23.380838000
563,616,0,23.381935000
533,636,0,23.385732000
545,607,0,23.386952000
525,625,0,23.388848000
527,626,0,23.392942000
567,618,0,23.396793000
552,603,0,23.397938000
551,621,0,23.400785000
560,630,0,23.404938000
550,618,0,23.407862000
542,614,0,23.408933000
531,633,0,23.411795000
547,616,0,23.413967000
538,617,0,23.418725000
537,625,0,23.419947000
545,606,0,23.420885000
551,638,0,23.421934000
565,617,0,23.426710000
536,631,0,23.427957000
549,639,0,23.429843000
519,623,0,23.430939000
547,618,0,23.432840000
537,627,0,23.434964000
539,628,0,23.435897000
534,621,0,23.436926000
546,623,0,23.437892000
544,634,0,23.438932000
559,624,0,23.440866000
545,624,0,23.441933000
566,619,0,23.444780000
571,608,0,23.446967000
557,612,0,23.451732000
559,625,0,23.452950000
535,620,0,23.455772000
560,629,0,23.456950000
540,638,0,23.457881000
563,611,0,23.460954000
546,631,0,23.462907000
553,607,0,23.463924000
538,628,0,23.465874000
534,631,1,23.466935000
523,629,0,23.467893000
564,613,1,23.469966000
554,628,0,23.470896000
564,616,1,23.471927000
540,630,0,23.473865000
558,636,1,23.474928000
558,603,0,23.476863000
539,624,1,23.477931000
550,627,0,23.479859000
526,631,1,23.480934000
569,614,0,23.484752000
545,634,1,23.485943000
532,638,0,23.487846000
560,626,1,23.491937000
542,637,0,23.495792000
553,607,1,23.496939000
570,610,0,23.499783000
524,633,1,23.500941000
538,620,0,23.501887000
558,614,1,23.504951000
563,617,0,23.506909000
531,639,1,23.507921000
555,630,0,23.509870000
531,633,1,23.511965000
539,619,0,23.512897000
566,615,1,23.513926000
525,622,0,23.514895000
547,634,1,23.515929000
536,627,0,23.517871000
533,629,1,23.518936000
553,623,0,23.519886000
551,613,1,23.520930000
568,608,0,23.525720000
542,613,1,23.526948000
541,628,0,23.528852000
550,607,1,23.529942000
526,626,0,23.532770000
550,632,1,23.534965000
562,605,0,23.539718000
551,603,1,23.540947000
550,626,0,23.543773000
567,610,1,23.544944000
543,618,0,23.545883000
546,642,1,23.548949000
553,633,0,23.550905000
547,632,1,23.551920000
558,626,0,23.553873000
560,626,1,23.557931000
547,637,0,23.561799000
557,632,1,23.562943000
535,615,0,23.565792000
553,631,1,23.566939000
559,625,0,23.567881000
562,603,1,23.570951000
552,626,0,23.572901000
565,622,1,23.573927000
531,615,0,23.575865000
558,610,1,23.577966000
550,629,0,23.578897000
553,612,1,23.579928000
541,611,0,23.580888000
554,629,1,23.581925000
547,620,0,23.583862000
541,632,1,23.584931000
553,619,0,23.585892000
541,640,1,23.586927000
545,637,0,23.591729000
550,607,1,23.592947000
536,640,0,23.594833000
556,615,1,23.595935000
554,621,0,23.597831000
548,641,1,23.601939000
557,636,0,23.605794000
543,640,1,23.606939000
522,631,0,23.608852000
529,636,1,23.609929000
563,625,0,23.612788000
558,611,1,23.613943000
527,634,0,23.616779000
542,618,1,23.617941000
549,627,0,23.619840000
546,634,1,23.621970000
559,622,0,23.622889000
534,629,1,23.624967000
539,632,0,23.627833000
560,618,1,23.628936000
542,639,0,23.629884000
563,610,1,23.630936000
555,608,0,23.635719000
539,620,1,23.636947000
553,632,0,23.638838000
536,621,1,23.639936000
549,624,0,23.642762000
536,640,1,23.646935000
551,604,0,23.649853000
550,607,1,23.650933000
542,626,0,23.653796000
544,637,1,23.655961000
552,632,0,23.656894000
522,624,1,23.658958000
552,603,0,23.660887000
537,633,1,23.661927000
551,606,0,23.663870000
559,613,1,23.665960000
524,632,0,23.666893000
561,607,1,23.667925000
538,631,0,23.668889000
552,613,1,23.669927000
551,638,0,23.671861000
549,613,1,23.672931000
545,635,0,23.674867000
526,619,1,23.676955000
521,624,0,23.677892000
530,632,1,23.679960000
554,605,0,23.682829000
548,623,1,23.683936000
555,638,0,23.685850000
532,638,1,23.686931000
549,617,0,23.687885000
533,628,1,23.689958000
556,628,0,23.690897000
524,632,1,23.691922000
544,631,0,23.693865000
560,624,1,23.694927000
563,617,0,23.696867000
570,609,1,23.699954000
553,624,0,23.701902000
553,627,1,23.702917000
553,637,0,23.704866000
531,614,1,23.705927000
524,626,0,23.708790000
557,619,1,23.709935000
549,645,0,23.710886000
537,616,1,23.713947000
530,634,0,23.715911000
535,637,1,23.716921000
526,628,0,23.717889000
527,622,1,23.718932000
549,633,0,23.723727000
526,637,1,23.724945000
542,609,0,23.726830000
542,632,1,23.727937000
527,624,0,23.729836000
535,625,1,23.730936000
565,624,0,23.732838000
554,631,1,23.733931000
525,621,0,23.737725000
556,629,1,23.738947000
548,620,0,23.740832000
520,625,1,23.741938000
559,618,0,23.745715000
536,611,1,23.746945000
540,629,0,23.748841000
557,616,1,23.749937000
548,608,0,23.752769000
547,613,1,23.753940000
532,618,0,23.754882000
531,628,1,23.757948000
561,615,0,23.759903000
550,615,1,23.760919000
556,617,0,23.762863000
536,640,1,23.763932000
556,626,0,23.764884000
553,633,1,23.766958000
531,617,0,23.767894000
535,637,1,23.768920000
555,601,0,23.770875000
529,632,1,23.771926000
560,619,0,23.773859000
543,625,1,23.774928000
549,610,0,23.778734000
526,620,1,23.779941000
550,627,0,23.781838000
535,625,1,23.782937000
547,624,0,23.784832000
551,640,1,23.785937000
517,626,0,23.788774000
527,622,1,23.789937000
558,612,0,23.792763000
561,620,1,23.793939000
535,639,0,23.794879000
551,632,1,23.795934000
535,638,0,23.800713000
554,613,1,23.801947000
532,615,0,23.803832000
536,635,1,23.804939000
563,619,0,23.807760000
560,636,1,23.811938000
550,624,0,23.814849000
526,628,1,23.815927000
551,614,0,23.817853000
565,618,1,23.818931000
553,617,0,23.820849000
523,625,1,23.823950000
562,614,0,23.825909000
547,613,1,23.826926000
561,612,0,23.828863000
537,635,1,23.832941000
543,628,0,23.836798000
554,632,1,23.837934000
523,631,0,23.839842000
523,628,1,23.840928000
562,631,0,23.843784000
547,629,1,23.844937000
528,620,0,23.847769000
534,613,1,23.848937000
565,614,0,23.850828000
554,617,1,23.851934000
554,623,0,23.854773000
550,607,1,23.855943000
556,606,0,23.858767000
560,619,1,23.859946000
555,635,0,23.861823000
547,617,1,23.862930000
537,631,0,23.863884000
551,622,1,23.865961000
551,627,0,23.866897000
549,608,1,23.867921000
542,624,0,23.869857000
526,635,1,23.870932000
560,607,0,23.872851000
543,609,1,23.873928000
536,640,0,23.876783000
534,613,1,23.877935000
567,619,0,23.880780000
527,636,1,23.881935000
529,619,0,23.883829000
558,631,1,23.885962000
547,615,0,23.891705000
563,603,1,23.892943000
523,632,0,23.893878000
545,628,1,23.894931000
564,606,0,23.899706000
521,629,1,23.900938000
537,610,0,23.902827000
523,621,1,23.903934000
560,607,0,23.905837000
561,624,1,23.906937000
546,620,0,23.908846000
569,609,1,23.909928000
533,637,0,23.913725000
557,631,1,23.914937000
540,638,0,23.916833000
523,633,1,23.918965000
538,632,0,23.919892000
553,631,1,23.920925000
565,613,0,23.921885000
556,604,1,23.922922000
540,634,0,23.924859000
546,614,1,23.925925000
540,608,0,23.928787000
519,626,1,23.929933000
554,622,0,23.930881000
559,604,1,23.933946000
535,623,0,23.935903000
554,616,1,23.936920000
554,609,0,23.938867000
537,620,1,23.939922000
545,617,0,23.940878000
538,618,1,23.943943000
543,625,0,23.946852000
560,619,1,23.947925000
542,638,0,23.949857000
548,625,1,23.950928000
550,615,0,23.954735000
557,632,1,23.955940000
557,615,0,23.957840000
530,636,1,23.958927000
532,615,0,23.960837000
562,626,1,23.962958000
536,621,0,23.963891000
558,631,1,23.965959000
543,614,0,23.968827000
530,638,1,23.969929000
564,622,0,23.972779000
530,623,1,23.974960000
531,629,0,23.979722000
556,615,1,23.980941000
538,620,0,23.981874000
532,636,1,23.982927000
545,629,0,23.987700000
561,609,1,23.988947000
568,616,0,23.990831000
545,639,1,23.991931000
549,639,0,23.993832000
531,629,1,23.995954000
555,609,0,24.001705000
546,611,1,24.002949000
543,624,0,24.004835000
544,620,1,24.006957000
528,624,0,24.007889000
541,630,1,24.008921000
539,611,0,24.009885000
565,603,1,24.010919000
536,632,0,24.012861000
562,614,1,24.013929000
570,614,0,24.015849000
557,616,1,24.016929000
527,631,0,24.019775000
548,624,1,24.020938000
525,634,0,24.023769000
561,612,1,24.024936000
542,626,0,24.026828000
566,616,1,24.028960000
533,636,0,24.029888000
543,620,1,24.030919000
554,632,0,24.031887000
561,624,1,24.032922000
523,625,0,24.034866000
569,618,1,24.035925000
549,628,0,24.038793000
572,609,1,24.040957000
546,630,0,24.041888000
536,639,1,24.043951000
520,625,0,24.045890000
542,636,1,24.046922000
549,631,0,24.048853000
538,621,1,24.052927000
553,621,0,24.056796000
539,617,1,24.057936000
521,634,0,24.060778000
559,609,1,24.061937000
542,610,0,24.062878000
545,623,1,24.065944000
544,621,0,24.067896000
541,633,1,24.068917000
554,631,0,24.070859000
543,616,1,24.072955000
532,636,0,24.073889000
545,618,1,24.074919000
538,619,0,24.075892000
541,627,1,24.076920000
553,614,0,24.078861000
562,630,1,24.079926000
559,626,0,24.080880000
525,635,1,24.081924000
542,617,0,24.086711000
556,605,1,24.087943000
560,624,0,24.089835000
552,620,1,24.090926000
546,626,0,24.093764000
533,641,1,24.095957000
557,608,0,24.100714000
563,612,1,24.101942000
523,623,0,24.103827000
550,619,1,24.107925000
523,625,0,24.111791000
560,604,1,24.112930000
555,623,0,24.114847000
548,610,1,24.116958000
523,634,0,24.118880000
555,609,1,24.120955000
550,625,0,24.122883000
536,635,1,24.123920000
529,618,0,24.125850000
529,637,1,24.127954000
554,607,0,24.128885000
551,612,1,24.129919000
536,622,0,24.130882000
535,624,1,24.131917000
522,629,0,24.133860000
555,632,1,24.134921000
549,637,0,24.135872000
532,631,1,24.136921000
546,605,0,24.141704000
563,628,1,24.142946000
534,632,0,24.144828000
531,630,1,24.145930000
527,624,0,24.148765000
562,621,1,24.149932000
557,630,0,24.150880000
565,615,1,24.153941000
548,618,0,24.155901000
551,638,1,24.156915000
547,623,0,24.159795000
562,626,1,24.161958000
538,620,0,24.162887000
534,628,1,24.164955000
547,612,0,24.166893000
560,603,1,24.167918000
551,623,0,24.169857000
551,613,1,24.173927000
553,609,0,24.177800000
554,602,1,24.178931000
559,626,0,24.180846000
558,629,1,24.181924000
555,612,0,24.182879000
563,603,1,24.183918000
525,622,0,24.184881000
558,631,1,24.186952000
549,616,0,24.188876000
544,618,1,24.189918000
538,628,0,24.191850000
556,604,1,24.193955000
535,632,0,24.194886000
544,618,1,24.195920000
556,621,0,24.196883000
547,617,1,24.197917000
545,621,0,24.199864000
541,614,1,24.200926000
540,632,0,24.202848000
554,634,1,24.205946000
545,630,0,24.207898000
522,628,1,24.208913000
572,608,0,24.210864000
559,616,1,24.211922000
529,624,0,24.214788000
563,624,1,24.215927000
555,630,0,24.216878000
529,614,1,24.219936000
566,620,0,24.221897000
536,627,1,24.222917000
548,621,0,24.224862000
546,614,1,24.225925000
540,608,0,24.229749000
547,618,1,24.230941000
557,635,0,24.232833000
531,616,1,24.233927000
535,640,0,24.236770000
536,636,1,24.238958000
554,615,0,24.239886000
549,630,1,24.241950000
561,628,0,24.243886000
533,616,1,24.244920000
532,622,0,24.246860000
534,624,1,24.247919000
556,607,0,24.248879000
525,637,1,24.250952000
555,611,0,24.251887000
547,627,1,24.252915000
534,615,0,24.254864000
557,627,1,24.255923000
548,622,0,24.257857000
561,609,1,24.259952000
542,618,0,24.260885000
544,637,1,24.261914000
567,607,0,24.262887000
550,628,1,24.263913000
538,630,0,24.265857000
554,618,1,24.266919000
525,621,0,24.269782000
530,628,1,24.271951000
549,612,0,24.276713000
546,639,1,24.277939000
548,616,0,24.278876000
553,603,1,24.279917000
548,617,0,24.284699000
541,614,1,24.285939000
567,606,0,24.287828000
554,631,1,24.288925000
564,622,0,24.291761000
543,617,1,24.292935000
543,611,0,24.295765000
550,619,1,24.296932000
538,639,0,24.298829000
556,629,1,24.299930000
524,632,0,24.301834000
557,632,1,24.302930000
552,624,0,24.303873000
555,611,1,24.306941000
559,614,0,24.309835000
518,625,1,24.310923000
536,634,0,24.312846000
543,625,1,24.313924000
547,613,0,24.314879000
550,626,1,24.316952000
552,636,0,24.317889000
521,624,1,24.318911000
520,631,0,24.320869000
560,624,1,24.321922000
558,607,0,24.323849000
543,639,1,24.324920000
524,627,0,24.326846000
559,637,1,24.329947000
551,619,0,24.331900000
538,622,1,24.332910000
538,628,0,24.334860000
562,626,1,24.336954000
538,614,0,24.337886000
538,623,1,24.338913000
554,607,0,24.339879000
537,639,1,24.340916000
547,621,0,24.342845000
545,616,1,24.343933000
552,624,0,24.344874000
560,622,1,24.345916000
531,628,0,24.350714000
534,615,1,24.351938000
533,628,0,24.353814000
563,610,1,24.354927000
564,623,0,24.356829000
557,612,1,24.359938000
545,619,0,24.361892000
523,622,1,24.362916000
560,624,0,24.364849000
542,616,1,24.365922000
566,604,0,24.367844000
532,625,1,24.368925000
561,630,0,24.372720000
536,624,1,24.373937000
536,616,0,24.375830000
554,617,1,24.376924000
541,619,0,24.378832000
557,617,1,24.379924000
533,611,0,24.382755000
525,634,1,24.383930000
531,622,0,24.386747000
557,633,1,24.387929000
528,618,0,24.390747000
553,612,1,24.391935000
554,616,0,24.392874000
541,624,1,24.395936000
561,602,0,24.397893000
535,631,1,24.398917000
558,603,0,24.401797000
546,605,1,24.403952000
560,629,0,24.404882000
529,631,1,24.406953000
524,631,0,24.408883000
540,624,1,24.409916000
542,618,0,24.411853000
555,612,1,24.412921000
531,633,0,24.416730000
540,632,1,24.417935000
540,625,0,24.419823000
555,630,1,24.420922000
519,625,0,24.422839000
545,634,1,24.423922000
525,621,0,24.425827000
532,618,1,24.428942000
535,633,0,24.430885000
555,605,1,24.431913000
541,640,0,24.432881000
544,623,1,24.433912000
534,621,0,24.438706000
560,622,1,24.439937000
531,638,0,24.441827000
555,605,1,24.442924000
543,637,0,24.444833000
562,632,1,24.445924000
536,632,0,24.447823000
537,615,1,24.450939000
563,612,0,24.452895000
543,627,1,24.453908000
549,626,0,24.455856000
570,609,1,24.459923000
536,639,0,24.463789000
527,636,1,24.464930000
547,627,0,24.467778000
529,629,1,24.468929000
554,619,0,24.471781000
551,607,1,24.472929000
564,615,0,24.474837000
559,623,1,24.475928000
567,606,0,24.478764000
565,615,1,24.480954000
537,636,0,24.485717000
540,610,1,24.486934000
561,631,0,24.487864000
553,606,1,24.488919000
561,607,0,24.493695000
543,625,1,24.494938000
551,631,0,24.496824000
533,613,1,24.497929000
545,625,0,24.499825000
548,622,1,24.501958000
556,629,0,24.502886000
544,637,1,24.503915000
552,624,0,24.504880000
542,611,1,24.505910000
525,627,0,24.507850000
547,632,1,24.508921000
539,626,0,24.510848000
557,621,1,24.511923000
525,634,0,24.514771000
562,608,1,24.515928000
569,619,0,24.518759000
530,625,1,24.519932000
563,620,0,24.522753000
551,619,1,24.524955000
540,635,0,24.529703000
539,617,1,24.530936000
557,612,0,24.533743000
533,632,1,24.534932000
568,614,0,24.535872000
555,632,1,24.536921000
542,636,0,24.540716000
558,617,1,24.541936000
564,620,0,24.544748000
565,607,1,24.546956000
548,625,0,24.547880000
523,627,1,24.549950000
561,610,0,24.551875000
565,613,1,24.552918000
550,624,0,24.554847000
527,638,1,24.556950000
557,607,0,24.557882000
547,613,1,24.558913000
552,608,0,24.559878000
534,611,1,24.560912000
554,616,0,24.562853000
561,612,1,24.563921000
543,619,0,24.564868000
522,630,1,24.565917000
541,620,0,24.570695000
539,619,1,24.571932000
542,625,0,24.573828000
546,628,1,24.574921000
533,637,0,24.577764000
545,620,1,24.579948000
556,604,0,24.584704000
548,618,1,24.585934000
537,613,0,24.588751000
532,626,1,24.589930000
567,606,0,24.590866000
541,606,1,24.593938000
559,625,0,24.595895000
551,627,1,24.596911000
556,637,0,24.598850000
530,630,1,24.602925000
526,628,0,24.606792000
555,625,1,24.607925000
529,637,0,24.609836000
568,605,1,24.612938000
560,614,0,24.613886000
548,605,1,24.614906000
532,639,0,24.617813000
563,614,1,24.618924000
555,607,0,24.620842000
544,609,1,24.621920000
559,616,0,24.622868000
551,625,1,24.624946000
545,615,0,24.625883000
567,605,1,24.626911000
555,630,0,24.628860000
564,609,1,24.629915000
545,625,0,24.631848000
557,607,1,24.632922000
554,629,0,24.634841000
529,619,1,24.637939000
566,618,0,24.639894000
560,624,1,24.640912000
550,603,0,24.642849000
544,614,1,24.643916000
545,617,0,24.644877000
556,625,1,24.646941000
527,617,0,24.647886000
538,628,1,24.648914000
551,609,0,24.650859000
529,635,1,24.651914000
542,640,0,24.654776000
535,624,1,24.655921000
549,629,0,24.656870000
552,604,1,24.659934000
569,617,0,24.661892000
534,615,1,24.662910000
542,615,0,24.666747000
526,619,1,24.668947000
523,627,0,24.672736000
525,632,1,24.673927000
552,630,0,24.674869000
544,618,1,24.675916000
559,610,0,24.680716000
553,612,1,24.681932000
539,632,0,24.683817000
526,618,1,24.684924000
543,636,0,24.687750000
541,610,1,24.688929000
559,616,0,24.689871000
541,622,1,24.692939000
523,626,0,24.694891000
560,618,1,24.695907000
559,633,0,24.698775000
554,620,1,24.700952000
552,626,0,24.701883000
549,615,1,24.703946000
551,630,0,24.705878000
547,617,1,24.706910000
552,631,0,24.708854000
558,611,1,24.712926000
524,622,0,24.716786000
553,626,1,24.717929000
567,618,0,24.719834000
557,609,1,24.722944000
563,612,0,24.724885000
537,620,1,24.725909000
544,625,0,24.727853000
526,622,1,24.728918000
552,623,0,24.730837000
563,612,1,24.731921000
540,624,0,24.732873000
540,618,1,24.733913000
546,613,0,24.738688000
567,617,1,24.739933000
546,633,0,24.741822000
541,627,1,24.742922000
540,627,0,24.743873000
522,619,1,24.745950000
525,631,0,24.746883000
547,606,1,24.747909000
548,605,0,24.749859000
563,606,1,24.750918000
560,605,0,24.752848000
539,640,1,24.753913000
544,621,0,24.756777000
564,609,1,24.757921000
524,632,0,24.760758000
555,626,1,24.761927000
546,608,0,24.763823000
559,620,1,24.765946000
539,620,0,24.771673000
568,619,1,24.772931000
552,620,0,24.773860000
557,626,1,24.774921000
542,633,0,24.779696000
539,630,1,24.780930000
536,615,0,24.782820000
530,636,1,24.783921000
549,636,0,24.785824000
570,620,1,24.789922000
547,623,0,24.793783000
525,628,1,24.794917000
540,626,0,24.796841000
560,618,1,24.797920000
535,618,0,24.800768000
561,611,1,24.801926000
554,604,0,24.804758000
526,625,1,24.805922000
532,626,0,24.807819000
570,617,1,24.809947000
541,633,0,24.810875000
534,617,1,24.812944000
534,613,0,24.815817000
548,638,1,24.816916000
546,611,0,24.817868000
543,628,1,24.818912000
556,631,0,24.823689000
553,614,1,24.824933000
566,606,0,24.826818000
536,627,1,24.827920000
534,616,0,24.830754000
559,628,1,24.832947000
558,612,0,24.833881000
526,636,1,24.835946000
553,625,0,24.837870000
552,613,1,24.838910000
537,617,0,24.840848000
538,608,1,24.841917000
552,606,0,24.845714000
563,616,1,24.846930000
563,626,0,24.848824000
535,614,1,24.849917000
558,615,0,24.851827000
550,632,1,24.854939000
551,620,0,24.855883000
548,629,1,24.856908000
554,604,0,24.859800000
557,623,1,24.860920000
550,615,0,24.863773000
537,625,1,24.864922000
565,611,0,24.865869000
540,618,1,24.866906000
532,635,0,24.870727000
549,632,1,24.871930000
545,615,0,24.874744000
522,637,1,24.876953000
521,628,0,24.881693000
544,616,1,24.882926000
550,637,0,24.885739000
556,623,1,24.886922000
536,628,0,24.887868000
547,631,1,24.890932000
533,639,0,24.892889000
530,634,1,24.893901000
550,620,0,24.895846000
537,619,1,24.896915000
558,604,0,24.899777000
519,629,1,24.900918000
547,627,0,24.903762000
556,623,1,24.904923000
554,621,0,24.906828000
559,604,1,24.908947000
553,626,0,24.909875000
548,624,1,24.910908000
533,624,0,24.911871000
555,626,1,24.912911000
568,609,0,24.914853000
536,624,1,24.915912000
537,629,0,24.918778000
558,609,1,24.920946000
547,636,0,24.925717000
556,625,1,24.926923000
565,617,0,24.929744000
545,608,1,24.931953000
559,616,0,24.936696000
551,627,1,24.937934000
557,626,0,24.938859000
543,628,1,24.939916000
558,620,0,24.944686000
531,636,1,24.945931000
544,625,0,24.947822000
537,634,1,24.948918000
547,629,0,24.950817000
537,632,1,24.951914000
525,627,0,24.953821000
562,622,1,24.954923000
559,607,0,24.958711000
554,617,1,24.959924000
549,639,0,24.961819000
534,622,1,24.965921000
558,610,0,24.973667000
549,605,1,24.974928000
544,616,0,24.976828000
553,605,1,24.979937000
560,616,0,24.981886000
522,625,1,24.982906000
555,630,0,24.984843000
545,615,1,24.985912000
527,638,0,24.987836000
553,625,1,24.988911000
543,607,0,24.989873000
542,625,1,24.992931000
559,614,0,24.995829000
555,630,1,24.996915000
537,627,0,24.998836000
554,631,1,24.999908000
558,627,0,25.000871000
562,615,1,25.002945000
531,616,0,25.003879000
548,623,1,25.004908000
524,622,0,25.006853000
561,616,1,25.007909000
533,639,0,25.009839000
553,627,1,25.010915000
549,604,0,25.013761000
547,604,1,25.014926000
550,605,0,25.017753000
523,623,1,25.018920000
545,628,0,25.020810000
528,626,1,25.022949000
562,615,0,25.023873000
538,613,1,25.024909000
544,636,0,25.025872000
537,625,1,25.026910000
546,609,0,25.028841000
553,610,1,25.029918000
565,604,0,25.030862000
536,627,1,25.031908000
542,617,0,25.036695000
535,625,1,25.037926000
550,627,0,25.039818000
534,630,1,25.040918000
521,631,0,25.042819000
522,627,1,25.043914000
560,636,0,25.045829000
548,607,1,25.048936000
555,606,0,25.050879000
561,607,1,25.051907000
550,617,0,25.053842000
557,622,1,25.055939000
559,614,0,25.056880000
548,605,1,25.057901000
555,604,0,25.058878000
552,615,1,25.059906000
559,627,0,25.061857000
526,620,1,25.062909000
530,613,0,25.064841000
552,624,1,25.068909000
519,622,0,25.072784000
524,632,1,25.073927000
550,635,0,25.076762000
540,639,1,25.078943000
553,628,0,25.079880000
564,608,1,25.081940000
554,626,0,25.083887000
565,614,1,25.084904000
525,622,0,25.086848000
536,622,1,25.087914000
539,612,0,25.090767000
566,616,1,25.091922000
562,628,0,25.094760000
558,630,1,25.095921000
547,622,0,25.097811000
553,626,1,25.098916000
565,602,0,25.099862000
569,620,1,25.101946000
563,616,0,25.102875000
560,613,1,25.103905000
557,603,0,25.105857000
547,609,1,25.106905000
535,612,0,25.108840000
558,629,1,25.109907000
565,626,0,25.112763000
533,633,1,25.113923000
538,610,0,25.116751000
524,635,1,25.117927000
538,623,0,25.119813000
556,632,1,25.121945000
539,630,0,25.127678000
567,611,1,25.128929000
546,620,0,25.129858000
547,629,1,25.130912000
568,609,0,25.135685000
553,624,1,25.136930000
536,632,0,25.138810000
527,623,1,25.139911000
550,608,0,25.141815000
532,635,1,25.143943000
557,616,0,25.144872000
566,615,1,25.145911000
550,627,0,25.146874000
542,633,1,25.147904000
562,616,0,25.149851000
560,624,1,25.150908000
522,634,0,25.152840000
560,624,1,25.153914000
528,623,0,25.156755000
565,612,1,25.157918000
560,613,0,25.160754000
559,627,1,25.161923000
544,609,0,25.163816000
523,628,1,25.167911000
528,630,0,25.171779000
560,624,1,25.172915000
526,620,0,25.174829000
561,626,1,25.177932000
561,631,0,25.178879000
523,629,1,25.179902000
552,618,0,25.182806000
537,625,1,25.183918000
556,617,0,25.185820000
554,621,1,25.186913000
536,629,0,25.188827000
537,616,1,25.191927000
553,626,0,25.193885000
554,615,1,25.194902000
539,627,0,25.196840000
568,620,1,25.198942000
549,622,0,25.199873000
542,632,1,25.200901000
543,630,0,25.201876000
555,632,1,25.202903000
542,630,0,25.204847000
553,612,1,25.205908000
540,637,0,25.208772000
536,614,1,25.210944000
563,609,0,25.215696000
555,630,1,25.216927000
541,611,0,25.217856000
559,628,1,25.218909000
536,635,0,25.223690000
537,634,1,25.224923000
544,610,0,25.226813000
553,638,1,25.227913000
548,617,0,25.229817000
552,618,1,25.233911000
547,607,0,25.237784000
570,610,1,25.238917000
554,623,0,25.240832000
560,620,1,25.242941000
527,627,0,25.243875000
549,603,1,25.245935000
522,621,0,25.248805000
552,627,1,25.249917000
557,629,0,25.251829000
558,637,1,25.255916000
535,612,0,25.259778000
547,611,1,25.260915000
525,632,0,25.263762000
548,620,1,25.267909000
537,631,0,25.270840000
553,607,1,25.271903000
518,625,0,25.274775000
536,614,1,25.275911000
537,627,0,25.276861000
563,609,1,25.279929000
522,633,0,25.281879000
556,607,1,25.282905000
534,627,0,25.284837000
523,633,1,25.288907000
525,625,0,25.292784000
523,622,1,25.293914000
556,625,0,25.296760000
555,631,1,25.297913000
549,638,0,25.298854000
557,610,1,25.301918000
538,622,0,25.303877000
532,636,1,25.304900000
536,622,0,25.306847000
552,637,1,25.307906000
534,639,0,25.308866000
556,610,1,25.310929000
523,630,0,25.311870000
535,631,1,25.312902000
558,623,0,25.314847000
532,638,1,25.315903000
559,626,0,25.317838000
555,624,1,25.318905000
548,603,0,25.322716000
555,608,1,25.323919000
534,627,0,25.325816000
540,638,1,25.326915000
554,629,0,25.328824000
560,635,1,25.329912000
532,614,0,25.332747000
564,609,1,25.333917000
533,636,0,25.336748000
540,631,1,25.337918000
524,631,0,25.338856000
542,629,1,25.339908000
545,618,0,25.344664000
528,626,1,25.345924000
519,630,0,25.347810000
549,604,1,25.348914000
547,609,0,25.350811000
539,622,1,25.352940000
549,637,0,25.354851000
544,607,1,25.356941000
539,626,0,25.358858000
536,622,1,25.359899000
563,603,0,25.362765000
565,610,1,25.364938000
540,634,0,25.365869000
556,613,1,25.367934000
554,616,0,25.369869000
560,623,1,25.370899000
561,609,0,25.372844000
537,620,1,25.373908000
541,614,0,25.377710000
539,635,1,25.378923000
561,604,0,25.380815000
541,618,1,25.381908000
526,621,0,25.383814000
530,615,1,25.384907000
542,622,0,25.386812000
552,634,1,25.387906000
521,632,0,25.391707000
556,631,1,25.392917000
548,608,0,25.393862000
549,638,1,25.394903000
547,611,0,25.399689000
538,627,1,25.400923000
542,633,0,25.402805000
527,626,1,25.403909000
542,609,0,25.405818000
565,604,1,25.407937000
565,605,0,25.408870000
565,618,1,25.409905000
541,619,0,25.410861000
539,617,1,25.411899000
559,627,0,25.413837000
564,623,1,25.414907000
525,621,0,25.418722000
542,625,1,25.422915000
569,612,0,25.424889000
549,604,1,25.425898000
555,605,0,25.428776000
560,605,1,25.432911000
565,605,0,25.435829000
553,636,1,25.436904000
526,628,0,25.438830000
541,624,1,25.440932000
556,616,0,25.441871000
554,625,1,25.442896000
543,615,0,25.443867000
561,620,1,25.444900000
550,619,0,25.446835000
533,641,1,25.447902000
565,618,0,25.450772000
550,613,1,25.452943000
556,619,0,25.453868000
548,632,1,25.455935000
545,604,0,25.457871000
560,604,1,25.458898000
535,623,0,25.460833000
556,630,1,25.461904000
552,627,0,25.462864000
560,635,1,25.464932000
564,608,0,25.465866000
549,632,1,25.466901000
540,634,0,25.468845000
547,617,1,25.469899000
540,630,0,25.471832000
554,619,1,25.473929000
533,625,0,25.474869000
566,617,1,25.475897000
569,613,0,25.476869000
534,631,1,25.477897000
551,606,0,25.479841000
534,626,1,25.480907000
551,605,0,25.482828000
533,639,1,25.483902000
522,625,0,25.486762000
566,614,1,25.487913000
558,623,0,25.490743000
537,638,1,25.491913000
551,607,0,25.493817000
529,627,1,25.496931000
529,616,0,25.498880000
540,633,1,25.499895000
550,633,0,25.501844000
554,624,1,25.502902000
524,634,0,25.504827000
557,622,1,25.506933000
534,615,0,25.507863000
547,633,1,25.508898000
538,632,0,25.509863000
560,625,1,25.510895000
538,625,0,25.512834000
569,609,1,25.513906000
540,618,0,25.514862000
537,626,1,25.515901000
526,621,0,25.520689000
548,614,1,25.521917000
555,623,0,25.523815000
539,617,1,25.524917000
554,604,0,25.526822000
534,622,1,25.527912000
523,623,0,25.528853000
533,633,1,25.530933000
552,632,0,25.531872000
535,626,1,25.532891000
542,624,0,25.534842000
552,604,1,25.535898000
559,607,0,25.537831000
565,618,1,25.538901000
568,605,0,25.540830000
558,628,1,25.541897000
530,629,0,25.545727000
538,612,1,25.546911000
540,611,0,25.549731000
534,618,1,25.553917000
522,626,0,25.556814000
547,626,1,25.557906000
551,603,0,25.560753000
566,616,1,25.562927000
549,636,0,25.563871000
545,615,1,25.565928000
544,607,0,25.567870000
533,636,1,25.568898000
533,612,0,25.570838000
571,612,1,25.571899000
558,602,0,25.575721000
546,624,1,25.576916000
523,618,0,25.578807000
541,639,1,25.579909000
533,635,0,25.582743000
556,615,1,25.583912000
528,621,0,25.585812000
542,614,1,25.586907000
522,625,0,25.589736000
550,633,1,25.590915000
568,618,0,25.592811000
552,634,1,25.593906000
558,614,0,25.594855000
535,625,1,25.596929000
552,628,0,25.597868000
543,639,1,25.598897000
548,616,0,25.600845000
568,615,1,25.601901000
538,621,0,25.603832000
526,633,1,25.604903000
530,622,0,25.607760000
568,608,1,25.608910000
567,605,0,25.611748000
538,635,1,25.612917000
550,606,0,25.614808000
556,633,1,25.616940000
544,632,0,25.622666000
557,621,1,25.623921000
542,616,0,25.624853000
547,629,1,25.625903000
548,632,0,25.630681000
532,637,1,25.631925000
538,614,0,25.633804000
565,622,1,25.634911000
523,637,0,25.636809000
545,614,1,25.638940000
550,634,0,25.644671000
565,609,1,25.645920000
542,638,0,25.648729000
556,629,1,25.650939000
542,608,0,25.651866000
546,639,1,25.653933000
523,634,0,25.655865000
554,617,1,25.656894000
537,621,0,25.658827000
519,626,1,25.662903000
526,628,0,25.666770000
551,634,1,25.667910000
538,615,0,25.670759000
533,635,1,25.672936000
550,635,0,25.677697000
533,629,1,25.678915000
544,609,0,25.681743000
529,627,1,25.685910000
546,619,0,25.688824000
532,631,1,25.689902000
526,628,0,25.691822000
556,623,1,25.692902000
562,627,0,25.693859000
548,630,1,25.695925000
542,618,0,25.696866000
554,631,1,25.697896000
558,622,0,25.699838000
529,637,1,25.700899000
542,616,0,25.702826000
540,618,1,25.703905000
557,636,0,25.706761000
546,609,1,25.707904000
537,637,0,25.710741000
541,614,1,25.711918000
562,619,0,25.713802000
535,621,1,25.715932000
535,631,0,25.721666000
559,635,1,25.722920000
564,612,0,25.723852000
535,614,1,25.724899000
547,634,0,25.729676000
531,629,1,25.730917000
552,607,0,25.732803000
570,607,1,25.733909000
535,641,0,25.735818000
561,615,1,25.736905000
529,629,0,25.739740000
544,608,1,25.740914000
539,612,0,25.743735000
545,639,1,25.744916000
563,633,0,25.746809000
549,628,1,25.750906000
561,608,0,25.754765000
548,608,1,25.755908000
565,620,0,25.758748000
535,633,1,25.759908000
553,636,0,25.761808000
540,610,1,25.762902000
554,603,0,25.765733000
560,618,1,25.766908000
562,605,0,25.768802000
541,635,1,25.769908000
535,629,0,25.770850000
561,602,1,25.772937000
560,620,0,25.773862000
567,610,1,25.774891000
537,625,0,25.776837000
526,632,1,25.777898000
542,632,0,25.779829000
557,637,1,25.781931000
525,621,0,25.787665000
554,640,1,25.788916000
524,620,0,25.790807000
519,621,1,25.794905000
518,625,0,25.798763000
532,628,1,25.799910000
528,632,0,25.802751000
557,612,1,25.803907000
524,620,0,25.804853000
549,601,1,25.807926000
541,629,0,25.809883000
554,615,1,25.810892000
533,623,0,25.812833000
533,626,1,25.813899000
534,623,0,25.814854000
530,624,1,25.816929000
559,622,0,25.817863000
564,601,1,25.818893000
535,639,0,25.820841000
562,614,1,25.821897000
524,633,0,25.823830000
534,631,1,25.824900000
524,630,0,25.828703000
527,639,1,25.829913000
555,606,0,25.831809000
548,625,1,25.832905000
537,628,0,25.834816000
541,630,1,25.835905000
541,608,0,25.838737000
552,634,1,25.839911000
556,606,0,25.842734000
533,626,1,25.843908000
558,627,0,25.844848000
554,629,1,25.845893000
547,609,0,25.850674000
541,638,1,25.851920000
553,615,0,25.853806000
539,636,1,25.854909000
537,630,0,25.856808000
558,631,1,25.860906000
529,638,0,25.864759000
542,621,1,25.865908000
554,630,0,25.867826000
533,616,1,25.868901000
528,621,0,25.871756000
562,629,1,25.872910000
552,634,0,25.875739000
552,616,1,25.876907000
537,628,0,25.878807000
533,641,1,25.880929000
537,621,0,25.881863000
561,636,1,25.883929000
564,604,0,25.886798000
533,639,1,25.887905000
524,630,0,25.888843000
555,608,1,25.889893000
561,613,0,25.894675000
533,633,1,25.895914000
550,628,0,25.897807000
528,615,1,25.898909000
562,609,0,25.900808000
557,618,1,25.901900000
557,631,0,25.903813000
548,607,1,25.904902000
548,637,0,25.908704000
553,605,1,25.909915000
557,637,0,25.911807000
568,613,1,25.915895000
544,608,0,25.919760000
562,626,1,25.920906000
552,617,0,25.922825000
528,618,1,25.923898000
552,637,0,25.926749000
538,620,1,25.927911000
520,622,0,25.930743000
565,614,1,25.931907000
549,606,0,25.933803000
568,609,1,25.934903000
545,607,0,25.935851000
566,604,1,25.937924000
552,637,0,25.938864000
537,630,1,25.939892000
551,630,0,25.941845000
548,634,1,25.942897000
550,635,0,25.945757000
526,629,1,25.949909000
560,626,0,25.952818000
556,627,1,25.953901000
563,634,0,25.956754000
541,633,1,25.957905000
552,622,0,25.958851000
527,633,1,25.959894000
537,615,0,25.963716000
563,603,1,25.964912000
550,621,0,25.966800000
533,633,1,25.967904000
520,629,0,25.969810000
547,613,1,25.972916000
556,616,0,25.974870000
538,620,1,25.975891000
550,621,0,25.977832000
531,628,1,25.981904000
522,623,0,25.985767000
521,634,1,25.986904000
560,634,0,25.989749000
564,629,1,25.990908000
548,634,0,25.991851000
523,629,1,25.994914000
545,614,0,25.996861000
553,620,1,25.997891000
544,625,0,25.999835000
549,603,1,26.000895000
541,617,0,26.001854000
565,613,1,26.003927000
539,633,0,26.004863000
565,609,1,26.005885000
526,636,0,26.007838000
544,634,1,26.008894000
546,633,0,26.010828000
536,622,1,26.011896000
563,610,0,26.015718000
546,621,1,26.016906000
540,637,0,26.018801000
533,627,1,26.019903000
543,619,0,26.021795000
534,625,1,26.022904000
544,612,0,26.025751000
533,626,1,26.026910000
520,624,0,26.029739000
564,605,1,26.030908000
556,606,0,26.031851000
543,638,1,26.032897000
561,617,0,26.037676000
560,626,1,26.038919000
550,627,0,26.040795000
557,608,1,26.041900000
533,638,0,26.043802000
550,608,1,26.044900000
536,632,0,26.046806000
562,628,1,26.047901000
551,613,0,26.051702000
543,623,1,26.052910000
545,633,0,26.055735000
544,634,1,26.056907000
549,620,0,26.057846000
562,619,1,26.058897000
558,617,0,26.062697000
522,620,1,26.063908000
544,597,0,26.065807000
531,615,1,26.066902000
543,625,0,26.068804000
548,611,1,26.071915000
553,604,0,26.073871000
552,634,1,26.074889000
531,616,0,26.077762000
560,622,1,26.078911000
537,640,0,26.079847000
551,607,1,26.082916000
535,620,0,26.084875000
541,608,1,26.085888000
523,637,0,26.087834000
536,630,1,26.088894000
562,607,0,26.089842000
521,622,1,26.091920000
552,619,0,26.092861000
562,612,1,26.093886000
560,624,0,26.095828000
555,631,1,26.096895000
555,615,0,26.098821000
550,601,1,26.102904000
561,633,0,26.106763000
542,618,1,26.107902000
558,602,0,26.109823000
550,613,1,26.111928000
559,632,0,26.117663000
539,621,1,26.118914000
521,628,0,26.120805000
530,630,1,26.122932000
545,633,0,26.123857000
556,630,1,26.124894000
537,631,0,26.125851000
522,628,1,26.126890000
537,630,0,26.128827000
540,627,1,26.129893000
535,613,0,26.131826000
560,604,1,26.132895000
524,623,0,26.135755000
544,618,1,26.136907000
560,635,0,26.139730000
544,635,1,26.140905000
525,617,0,26.143730000
539,609,1,26.144909000
532,622,0,26.145845000
535,618,1,26.148924000
536,621,0,26.150880000
551,630,1,26.151884000
553,629,0,26.152862000
552,613,1,26.153886000
552,632,0,26.158687000
542,636,1,26.159910000
545,623,0,26.161803000
533,617,1,26.162901000
556,619,0,26.165732000
530,628,1,26.167927000
530,618,0,26.172676000
528,638,1,26.173911000
566,621,0,26.177689000
551,628,1,26.179929000
522,627,0,26.183701000
530,618,1,26.184909000
568,606,0,26.187721000
533,631,1,26.189927000
555,611,0,26.194683000
525,625,1,26.195912000
530,620,0,26.198717000
533,629,1,26.199905000
566,619,0,26.200846000
535,620,1,26.203915000
532,628,0,26.205873000
559,619,1,26.206887000
551,606,0,26.208831000
518,626,1,26.210923000
548,623,0,26.211852000
541,635,1,26.212887000
540,611,0,26.213858000
560,623,1,26.214887000
545,607,0,26.216830000
543,627,1,26.217892000
533,623,0,26.219823000
559,609,1,26.220897000
560,633,0,26.222813000
558,634,1,26.223893000
541,611,0,26.227697000
522,619,1,26.228908000
534,617,0,26.231735000
565,618,1,26.233925000
542,610,0,26.238691000
530,639,1,26.239913000
549,618,0,26.240851000
533,629,1,26.241898000
550,629,0,26.246665000
540,640,1,26.247917000
536,615,0,26.249792000
567,611,1,26.250897000
553,634,0,26.253730000
538,625,1,26.255929000
534,626,0,26.260676000
554,631,1,26.261912000
561,606,0,26.264719000
541,619,1,26.265907000
550,618,0,26.266846000
537,616,1,26.269912000
550,614,0,26.271866000
562,619,1,26.272883000
534,639,0,26.275765000
569,616,1,26.276902000
542,608,0,26.277841000
540,618,1,26.278889000
556,632,0,26.282702000
542,633,1,26.283904000
560,635,0,26.285793000
547,607,1,26.287928000
544,633,0,26.288854000
529,625,1,26.290923000
545,634,0,26.293786000
563,607,1,26.294895000
536,614,0,26.298711000
522,630,1,26.300930000
519,630,0,26.304708000
563,620,1,26.305902000
552,623,0,26.306842000
548,631,1,26.307892000
527,626,0,26.312676000
554,621,1,26.313913000
559,619,0,26.315803000
530,626,1,26.316894000
539,621,0,26.318801000
520,633,1,26.321915000
562,615,0,26.323863000
548,625,1,26.324889000
559,609,0,26.326827000
556,604,1,26.327893000
552,621,0,26.329812000
555,604,1,26.330892000
546,626,0,26.334692000
537,617,1,26.335905000
564,605,0,26.337797000
531,636,1,26.338901000
536,622,0,26.340803000
534,631,1,26.341894000
536,632,0,26.345685000
558,618,1,26.346903000
565,606,0,26.348798000
553,624,1,26.349893000
546,638,0,26.352735000
538,634,1,26.354926000
539,621,0,26.355856000
525,616,1,26.357920000
558,625,0,26.359847000
554,627,1,26.360886000
547,615,0,26.362826000
535,612,1,26.364924000
557,618,0,26.365860000
562,602,1,26.367923000
537,640,0,26.370797000
539,611,1,26.371897000
528,614,0,26.373820000
536,622,1,26.374894000
541,629,0,26.375850000
556,603,1,26.377925000
552,615,0,26.378855000
556,612,1,26.379886000
562,625,0,26.381831000
552,605,1,26.382890000
537,625,0,26.384822000
532,629,1,26.385890000
530,627,0,26.388747000
570,610,1,26.389898000
554,638,0,26.392738000
531,637,1,26.393898000
553,604,0,26.395805000
548,632,1,26.399904000
557,632,0,26.403756000
543,640,1,26.404901000
550,635,0,26.407740000
526,633,1,26.408902000
556,612,0,26.409842000
532,628,1,26.412905000
528,617,0,26.414871000
542,620,1,26.415887000
561,621,0,26.417818000
563,632,1,26.418894000
523,633,0,26.419844000
568,624,1,26.421923000
540,627,0,26.422857000
526,630,1,26.423883000
567,621,0,26.425833000
554,618,1,26.426889000
535,627,0,26.428824000
533,613,1,26.429889000
563,605,0,26.433705000
524,633,1,26.434907000
555,611,0,26.436799000
562,630,1,26.437894000
551,629,0,26.439800000
535,625,1,26.440894000
524,637,0,26.443740000
526,631,1,26.444900000
556,607,0,26.447724000
538,627,1,26.448899000
531,635,0,26.449841000
525,635,1,26.450891000
529,634,0,26.455667000
543,640,1,26.456908000
561,617,0,26.458790000
529,633,1,26.459897000
524,637,0,26.461796000
525,615,1,26.464908000
562,624,0,26.466860000
536,632,1,26.467887000
553,615,0,26.469818000
560,606,1,26.470892000
567,606,0,26.472809000
547,634,1,26.473891000
563,628,0,26.477697000
536,622,1,26.478906000
530,634,0,26.480792000
541,635,1,26.481896000
539,614,0,26.483798000
549,633,1,26.484894000
564,606,0,26.487731000
559,634,1,26.488905000
556,607,0,26.491728000
524,628,1,26.492901000
522,625,0,26.495723000
559,611,1,26.497925000
534,626,0,26.502676000
547,629,1,26.503903000
549,629,0,26.505798000
523,621,1,26.507923000
529,617,0,26.508853000
557,634,1,26.509888000
552,632,0,26.510852000
556,627,1,26.511886000
542,618,0,26.513825000
559,634,1,26.514889000
547,624,0,26.516807000
563,609,1,26.517892000
544,640,0,26.520749000
538,619,1,26.521902000
550,636,0,26.524745000
538,634,1,26.525902000
549,608,0,26.528723000
542,624,1,26.530926000
544,636,0,26.535680000
567,615,1,26.536908000
544,612,0,26.539715000
544,635,1,26.540904000
540,626,0,26.541841000
561,634,1,26.542888000
562,622,0,26.546699000
549,605,1,26.547906000
549,624,0,26.550719000
570,615,1,26.552929000
550,605,0,26.557674000
546,614,1,26.558910000
552,620,0,26.559841000
566,613,1,26.560887000
535,626,0,26.565659000
548,638,1,26.566909000
549,605,0,26.568792000
540,636,1,26.569895000
545,628,0,26.571794000
562,621,1,26.575895000
549,607,0,26.579758000
562,603,1,26.580891000
537,625,0,26.582807000
524,620,1,26.583892000
540,613,0,26.586734000
524,630,1,26.587897000
530,633,0,26.590728000
565,624,1,26.591902000
527,619,0,26.593806000
542,639,1,26.595928000
551,629,0,26.596852000
556,610,1,26.598919000
555,622,0,26.601783000
553,632,1,26.602896000
541,616,0,26.603840000
523,633,1,26.604889000
568,612,0,26.609681000
541,627,1,26.610909000
525,637,0,26.612794000
562,621,1,26.613894000
562,634,0,26.615807000
548,621,1,26.618906000
535,625,0,26.620860000
538,640,1,26.621884000
520,623,0,26.623820000
554,629,1,26.624887000
543,631,0,26.626809000
566,619,1,26.627890000
543,638,0,26.631687000
554,603,1,26.632904000
562,629,0,26.634791000
558,617,1,26.635898000
563,621,0,26.637801000
556,606,1,26.638897000
550,639,0,26.640796000
564,615,1,26.641891000
544,621,0,26.645694000
540,632,1,26.646897000
525,632,0,26.648801000
551,612,1,26.649890000
569,611,0,26.651800000
556,630,1,26.652891000
553,636,0,26.656683000
531,630,1,26.657909000
531,621,0,26.660716000
558,609,1,26.661896000
531,636,0,26.662834000
552,637,1,26.663887000
560,612,0,26.667681000
539,608,1,26.668902000
551,620,0,26.670796000
526,637,1,26.671898000
546,637,0,26.674732000
531,624,1,26.675902000
562,605,0,26.678713000
539,636,1,26.679896000
523,630,0,26.681786000
533,626,1,26.682892000
549,632,0,26.683842000
553,611,1,26.685921000
547,614,0,26.686850000
555,605,1,26.687879000
549,603,0,26.689824000
524,629,1,26.690885000
541,620,0,26.692823000
556,628,1,26.695912000
563,619,0,26.697861000
548,631,1,26.698879000
547,639,0,26.700824000
549,631,1,26.701880000
550,621,0,26.703812000
536,631,1,26.707888000
548,619,0,26.711752000
520,628,1,26.712897000
565,605,0,26.715751000
545,628,1,26.716899000
551,636,0,26.717835000
530,633,1,26.720912000
560,621,0,26.722865000
539,636,1,26.723878000
523,627,0,26.725821000
533,629,1,26.726887000
545,621,0,26.727845000
539,632,1,26.729917000
551,630,0,26.730852000
534,632,1,26.731876000
542,614,0,26.733832000
524,625,1,26.734882000
556,621,0,26.736812000
545,618,1,26.737888000
561,626,0,26.741694000
548,616,1,26.742896000
569,605,0,26.744796000
555,624,1,26.745894000
539,613,0,26.747797000
556,629,1,26.748893000
548,625,0,26.751737000
535,627,1,26.752894000
529,622,0,26.755721000
533,632,1,26.756899000
559,618,0,26.757838000
533,633,1,26.758886000
557,631,0,26.763660000
567,607,1,26.764910000
539,633,0,26.766783000
543,624,1,26.767890000
556,627,0,26.769800000
564,631,1,26.770890000
548,621,0,26.771838000
531,624,1,26.774907000
529,636,0,26.777802000
552,620,1,26.778888000
526,624,0,26.781744000
540,633,1,26.782895000
532,616,0,26.783836000
561,622,1,26.784890000
535,631,0,26.788689000
542,613,1,26.789900000
539,630,0,26.791785000
531,626,1,26.792892000
534,638,0,26.794796000
556,610,1,26.795887000
552,614,0,26.799682000
556,629,1,26.800901000
550,605,0,26.802795000
557,612,1,26.806897000
538,631,0,26.810752000
556,620,1,26.811896000
554,631,0,26.813801000
525,628,1,26.814888000
527,623,0,26.817733000
564,628,1,26.818894000
524,623,0,26.821719000
542,614,1,26.822899000
562,603,0,26.823842000
528,618,1,26.824882000
526,634,0,26.829668000
522,632,1,26.830902000
544,624,0,26.832800000
540,618,1,26.833893000
530,633,0,26.836719000
567,611,1,26.838917000
551,626,0,26.839849000
524,618,1,26.841914000
556,615,0,26.843850000
560,614,1,26.844877000
563,613,0,26.846820000
546,607,1,26.847883000
562,621,0,26.851696000
550,607,1,26.852901000
556,639,0,26.854787000
570,619,1,26.855889000
537,630,0,26.857797000
553,609,1,26.860909000
550,631,0,26.861854000
551,611,1,26.862878000
567,607,0,26.865761000
556,636,1,26.866890000
552,622,0,26.868796000
561,622,1,26.869890000
546,637,0,26.873695000
553,632,1,26.874899000
540,625,0,26.876791000
545,618,1,26.877889000
520,624,0,26.880722000
555,611,1,26.881902000
533,638,0,26.882831000
549,617,1,26.885904000
543,637,0,26.887853000
549,632,1,26.888876000
557,628,0,26.889846000
536,621,1,26.890882000
540,620,0,26.895668000
527,620,1,26.896900000
547,621,0,26.898794000
545,615,1,26.899889000
546,622,0,26.901785000
557,632,1,26.902897000
557,606,0,26.903842000
531,620,1,26.905915000
535,622,0,26.906853000
545,638,1,26.907879000
560,619,0,26.909819000
547,621,1,26.910881000
537,623,0,26.912809000
569,618,1,26.913887000
530,624,0,26.916737000
553,636,1,26.917891000
557,610,0,26.920734000
566,614,1,26.921896000
532,617,0,26.924714000
549,603,1,26.925900000
556,627,0,26.926837000
531,634,1,26.929903000
556,615,0,26.931862000
556,630,1,26.932878000
529,615,0,26.934817000
554,632,1,26.936910000
535,639,0,26.937852000
560,621,1,26.938875000
524,633,0,26.939841000
542,631,1,26.940882000
536,625,0,26.942818000
533,628,1,26.943880000
551,611,0,26.946738000
552,624,1,26.948914000
550,613,0,26.949846000
527,627,1,26.951916000
532,632,0,26.953845000
564,614,1,26.954877000
544,619,0,26.956819000
551,639,1,26.960884000
526,624,0,26.964753000
555,638,1,26.965893000
556,637,0,26.967804000
536,633,1,26.974841000
532,614,0,26.976899000
558,629,1,26.977871000
540,619,0,26.979832000
535,628,1,26.980883000
551,622,0,26.983761000
558,616,1,26.984891000
561,608,0,26.985839000
554,604,1,26.988901000
569,605,0,26.990862000
541,610,1,26.991879000
534,618,0,26.993821000
539,637,1,26.994883000
557,631,0,26.995845000
542,624,1,26.997911000
533,624,0,26.998856000
529,621,1,26.999883000
561,620,0,27.001831000
560,619,1,27.002881000
538,631,0,27.004809000
548,612,1,27.005885000
570,615,0,27.009698000
548,633,1,27.010897000
547,612,0,27.012805000
535,636,1,27.013885000
542,626,0,27.015797000
561,623,1,27.016890000
563,609,0,27.019728000
538,617,1,27.020893000
532,631,0,27.023710000
540,624,1,27.024895000
549,632,0,27.025839000
554,634,1,27.026884000
529,630,0,27.031662000
554,631,1,27.032900000
538,626,0,27.034792000
543,632,1,27.035889000
526,622,0,27.037787000
538,627,1,27.039913000
565,615,0,27.040853000
543,607,1,27.041879000
535,632,0,27.042843000
533,626,1,27.043882000
559,628,0,27.045812000
570,612,1,27.046888000
542,607,0,27.048801000
555,612,1,27.049891000
541,624,0,27.051798000
560,618,1,27.052890000
539,631,0,27.056686000
563,612,1,27.057899000
539,633,0,27.060713000
569,617,1,27.064895000
561,621,0,27.067804000
547,629,1,27.068885000
527,623,0,27.070815000
561,616,1,27.071884000
535,640,0,27.072837000
544,630,1,27.075900000
551,628,0,27.078787000
562,619,1,27.079882000
549,629,0,27.081809000
539,618,1,27.085888000
549,611,0,27.089738000
566,616,1,27.090895000
530,637,0,27.093744000
550,604,1,27.095916000
550,610,0,27.100680000
547,629,1,27.101900000
526,634,0,27.103787000
530,635,1,27.104897000
554,606,0,27.105840000
554,623,1,27.107910000
546,621,0,27.108854000
556,617,1,27.109876000
564,623,0,27.111824000
549,634,1,27.112883000
536,638,0,27.116696000
543,626,1,27.117900000
525,625,0,27.118832000
542,619,1,27.119881000
569,614,0,27.122726000
537,625,1,27.123894000
523,634,0,27.125795000
567,616,1,27.127916000
543,632,0,27.128846000
524,633,1,27.129877000
557,627,0,27.130845000
551,614,1,27.131883000
535,613,0,27.133817000
532,623,1,27.134884000
562,631,0,27.137735000
526,633,1,27.139915000
541,609,0,27.144676000
551,605,1,27.145895000
564,604,0,27.146837000
535,625,1,27.147880000
559,618,0,27.152670000
522,627,1,27.153905000
549,619,0,27.155788000
546,632,1,27.156888000
533,634,0,27.159735000
542,636,1,27.160899000
533,617,0,27.161830000
537,639,1,27.162888000
548,613,0,27.166682000
546,628,1,27.167894000
557,609,0,27.170715000
537,629,1,27.172915000
563,617,0,27.177680000
544,637,1,27.178900000
543,625,0,27.180787000
563,618,1,27.184891000
532,623,0,27.188745000
541,609,1,27.189890000
554,617,0,27.191806000
545,629,1,27.194905000
538,632,0,27.195853000
559,635,1,27.196873000
539,638,0,27.199766000
552,637,1,27.200888000
548,606,0,27.202812000
534,622,1,27.203885000
559,634,0,27.204840000
559,603,1,27.206909000
568,618,0,27.207846000
524,629,1,27.208875000
570,614,0,27.210819000
552,633,1,27.211879000
548,614,0,27.213805000
545,618,1,27.214883000
547,604,0,27.216800000
540,637,1,27.219898000
533,622,0,27.221852000
539,636,1,27.222875000
529,629,0,27.224827000
534,612,1,27.225877000
559,620,0,27.226842000
565,630,1,27.228915000
559,607,0,27.229849000
559,628,1,27.230875000
554,628,0,27.232827000
533,623,1,27.233878000
569,624,0,27.236753000
547,638,1,27.237885000
543,618,0,27.238835000
541,626,1,27.241906000
545,619,0,27.243859000
547,611,1,27.244871000
544,617,0,27.248704000
541,611,1,27.250914000
535,634,0,27.254708000
554,602,1,27.255896000
562,602,0,27.256832000
556,630,1,27.257880000
561,631,0,27.262663000
534,624,1,27.263907000
530,640,0,27.265779000
532,631,1,27.266889000
566,620,0,27.269724000
559,619,1,27.270890000
532,626,0,27.271836000
564,613,1,27.274901000
548,631,0,27.276858000
541,636,1,27.277874000
518,630,0,27.280750000
555,611,1,27.282912000
562,629,0,27.283843000
537,637,1,27.285910000
532,615,0,27.287841000
534,630,1,27.288874000
535,641,0,27.291757000
562,626,1,27.292893000
560,635,0,27.293828000
549,607,1,27.294883000
550,603,0,27.298694000
545,628,1,27.299899000
530,635,0,27.302716000
535,633,1,27.304916000
546,610,0,27.309661000
536,634,1,27.310896000
527,634,0,27.313716000
536,621,1,27.314896000
562,617,0,27.315831000
539,626,1,27.318903000
556,629,0,27.320856000
548,624,1,27.321873000
527,635,0,27.322840000
558,618,1,27.323874000
526,629,0,27.328680000
537,617,1,27.329898000
532,620,0,27.331790000
531,620,1,27.332895000
556,625,0,27.334785000
558,625,1,27.338884000
534,615,0,27.342742000
535,631,1,27.343890000
544,605,0,27.345809000
555,626,0,27.346883000
530,632,0,27.349736000
564,619,0,27.350886000
524,631,0,27.353725000
564,615,0,27.354890000
539,624,0,27.356787000
556,603,0,27.358912000
548,634,0,27.359847000
520,626,0,27.361907000
541,639,0,27.364782000
555,630,0,27.365885000
529,633,0,27.366842000
533,631,0,27.367879000
541,640,0,27.372672000
555,626,0,27.373895000
532,626,0,27.375787000
544,623,0,27.376888000
531,623,0,27.378794000
553,605,0,27.381906000
544,624,0,27.383848000
551,634,0,27.384875000
526,635,0,27.386810000
557,632,0,27.387881000
529,619,0,27.389812000
562,623,0,27.390880000
560,612,0,27.394688000
539,620,0,27.395895000
526,635,0,27.397781000
563,624,0,27.398884000
557,614,0,27.400788000
557,621,0,27.401885000
543,622,0,27.403794000
520,630,0,27.406897000
566,618,0,27.408842000
542,620,0,27.409873000
527,624,0,27.411808000
536,635,0,27.412884000
536,632,0,27.414800000
555,637,0,27.417901000
554,609,0,27.419844000
554,604,0,27.420874000
537,631,0,27.422816000
557,622,0,27.426890000
538,640,0,27.430738000
525,631,0,27.431885000
537,640,0,27.433809000
559,633,0,27.436900000
533,617,0,27.437855000
553,636,0,27.438869000
548,628,0,27.441759000
554,618,0,27.442886000
559,618,0,27.444802000
554,616,0,27.445879000
541,636,0,27.449694000
546,608,0,27.450894000
567,609,0,27.452780000
525,622,0,27.453883000
571,614,0,27.456723000
551,628,0,27.458913000
538,620,0,27.459842000
564,627,0,27.461906000
533,623,0,27.463847000
544,614,0,27.464879000
563,626,0,27.466809000
553,633,0,27.470885000
523,618,0,27.474751000
561,612,0,27.475888000
531,619,0,27.478728000
535,636,0,27.479886000
551,609,0,27.480837000
567,610,0,27.483898000
556,628,0,27.485849000
561,624,0,27.486872000
550,603,0,27.488812000
552,608,0,27.489879000
549,613,0,27.490834000
552,632,0,27.492902000
538,611,0,27.493846000
547,632,0,27.494870000
554,614,0,27.496819000
539,636,0,27.497872000
555,623,0,27.499811000
559,612,0,27.500881000
551,604,0,27.504692000
555,612,0,27.505898000
547,615,0,27.507784000
564,628,0,27.508878000
546,629,0,27.510798000
535,637,0,27.511886000
535,615,0,27.514723000
549,603,0,27.515885000
529,617,0,27.518721000
554,608,0,27.519887000
534,640,0,27.520833000
542,633,0,27.521877000
549,606,0,27.526659000
553,629,0,27.527898000
541,609,0,27.529779000
570,614,0,27.530884000
560,616,0,27.532794000
556,615,0,27.533879000
536,629,0,27.534835000
546,634,0,27.537904000
555,612,0,27.540793000
563,617,0,27.541878000
548,604,0,27.543798000
538,615,0,27.547888000
563,626,0,27.551742000
548,616,0,27.552886000
528,618,0,27.555721000
563,633,0,27.557913000
551,623,0,27.558841000
532,619,0,27.560907000
535,626,0,27.562840000
531,637,0,27.563870000
550,619,0,27.565806000
546,627,0,27.567912000
549,636,0,27.568842000
546,641,0,27.570903000
554,619,0,27.573787000
528,632,0,27.574883000
546,604,0,27.577734000
538,608,0,27.578886000
565,621,0,27.581724000
547,620,0,27.582887000
521,624,0,27.584789000
551,629,0,27.585879000
527,637,0,27.587790000
534,622,0,27.591885000
559,609,0,27.595742000
532,638,0,27.596885000
550,611,0,27.599727000
554,639,0,27.601912000
551,631,0,27.602848000
549,636,0,27.604910000
533,640,0,27.606846000
557,621,0,27.607870000
543,618,0,27.609805000
543,605,0,27.611910000
546,624,0,27.612843000
563,620,0,27.613873000
543,609,0,27.614839000
542,636,0,27.615875000
562,631,0,27.617815000
544,637,0,27.618881000
544,631,0,27.619831000
565,604,0,27.620880000
547,617,0,27.625674000
554,628,0,27.626891000
523,622,0,27.628787000
542,611,0,27.629877000
526,636,0,27.631780000
533,628,0,27.633910000
542,625,0,27.634843000
540,636,0,27.636906000
556,605,0,27.639775000
522,624,0,27.640879000
549,622,0,27.642790000
556,628,0,27.644910000
549,629,0,27.645836000
541,626,0,27.646874000
546,617,0,27.647837000
554,635,0,27.648871000
544,619,0,27.650813000
561,633,0,27.651877000
552,607,0,27.654739000
532,616,0,27.656911000
562,630,0,27.661673000
553,626,0,27.662894000
550,623,0,27.664783000
534,632,0,27.665880000
527,616,0,27.666828000
520,627,0,27.668905000
540,627,0,27.669835000
524,629,0,27.670872000
541,616,0,27.672825000
542,634,0,27.673877000
541,624,0,27.675808000
543,615,0,27.677905000
562,620,0,27.683648000
552,622,0,27.684903000
525,627,0,27.686793000
537,625,0,27.687877000
555,638,0,27.690720000
541,635,0,27.691890000
559,610,0,27.694710000
554,605,0,27.695891000
536,632,0,27.696829000
547,626,0,27.697882000
552,615,0,27.702656000
547,638,0,27.703896000
565,633,0,27.705780000
549,607,0,27.706877000
543,637,0,27.708792000
538,634,0,27.709879000
553,629,0,27.710835000
559,603,0,27.712907000
549,616,0,27.713842000
552,637,0,27.714870000
547,607,0,27.716810000
542,628,0,27.717871000
527,637,0,27.719806000
536,619,0,27.720876000
553,615,0,27.723729000
538,635,0,27.724885000
544,635,0,27.727722000
562,614,0,27.728882000
564,615,0,27.731702000
541,627,0,27.732890000
537,629,0,27.733827000
534,633,0,27.736898000
546,619,0,27.738851000
567,607,0,27.739871000
558,624,0,27.741813000
551,625,0,27.743902000
539,623,0,27.744839000
555,634,0,27.745867000
539,620,0,27.746837000
522,627,0,27.747870000
558,627,0,27.749813000
525,628,0,27.750872000
537,629,0,27.752796000
540,628,0,27.754901000
557,611,0,27.760638000
522,631,0,27.761895000
563,619,0,27.764709000
562,616,0,27.766909000
548,638,0,27.767837000
532,621,0,27.769896000
566,626,0,27.771840000
544,614,0,27.772874000
541,619,0,27.774811000
544,615,0,27.778881000
534,612,0,27.782741000
563,612,0,27.783883000
555,609,0,27.786739000
560,615,0,27.787884000
561,605,0,27.788828000
536,618,0,27.791895000
522,623,0,27.793856000
557,630,0,27.794867000
547,629,0,27.796810000
566,610,0,27.798909000
535,617,0,27.799836000
564,627,0,27.800869000
544,639,0,27.801835000
554,634,0,27.802868000
527,617,0,27.804809000
568,609,0,27.805873000
566,622,0,27.808747000
549,615,0,27.810906000
553,631,0,27.815670000
538,627,0,27.816896000
530,639,0,27.817823000
547,629,0,27.818872000
534,629,0,27.823654000
533,633,0,27.824895000
535,632,0,27.826785000
529,632,0,27.827883000
561,633,0,27.829789000
535,625,0,27.833875000
544,620,0,27.837745000
535,613,0,27.838873000
553,624,0,27.840794000
553,639,0,27.843897000
533,629,0,27.845862000
541,626,0,27.846868000
535,621,0,27.848812000
548,625,0,27.849876000
523,629,0,27.852736000
559,634,0,27.853882000
549,614,0,27.854827000
538,626,0,27.857897000
557,619,0,27.859854000
554,616,0,27.860863000
552,618,0,27.863743000
548,628,0,27.864880000
548,637,0,27.865827000
529,624,0,27.866867000
562,605,0,27.870694000
555,613,0,27.871888000
522,621,0,27.873788000
554,603,0,27.877873000
549,624,0,27.881735000
557,617,0,27.882877000
556,619,0,27.885719000
555,606,0,27.886880000
548,637,0,27.887822000
566,602,0,27.890893000
539,629,0,27.892849000
555,606,0,27.893863000
555,612,0,27.895811000
530,619,0,27.896873000
561,629,0,27.900681000
526,624,0,27.901892000
544,637,0,27.903771000
548,606,0,27.904876000
526,628,0,27.907713000
518,626,0,27.909905000
560,627,0,27.910837000
544,625,0,27.912903000
565,612,0,27.914831000
527,628,0,27.915866000
547,602,0,27.918732000
558,622,0,27.920904000
531,634,0,27.925658000
546,636,0,27.926885000
551,631,0,27.927825000
551,627,0,27.928873000
537,632,0,27.933660000
556,636,0,27.934889000
562,613,0,27.936769000
550,606,0,27.937880000
559,628,0,27.939783000
530,635,0,27.940883000
550,619,0,27.942785000
568,616,0,27.943878000
552,613,0,27.947664000
557,633,0,27.948887000
524,630,0,27.950782000
545,635,0,27.954882000
545,625,0,27.958739000
563,614,0,27.959875000
539,613,0,27.962724000
545,628,0,27.963878000
544,619,0,27.964827000
522,624,0,27.967892000
535,611,0,27.969851000
554,618,0,27.970863000
549,632,0,27.972802000
533,634,0,27.974898000
543,636,0,27.975840000
554,616,0,27.976866000
523,629,0,27.977830000
534,625,0,27.978865000
530,635,0,27.980810000
563,618,0,27.981871000
521,626,0,27.984735000
526,635,0,27.986903000
540,625,0,27.987831000
529,629,0,27.989902000
567,621,0,27.991833000
528,619,0,27.992867000
533,626,0,27.994807000
559,619,0,27.995874000
559,625,0,27.996826000
555,620,0,27.998897000
546,623,0,27.999835000
542,630,0,28.000863000
541,623,0,28.002808000
553,606,0,28.003871000
543,619,0,28.005806000
546,628,0,28.009872000
528,619,0,28.013743000
567,606,0,28.014878000
537,630,0,28.016794000
548,625,0,28.017875000
549,618,0,28.019778000
540,628,0,28.022892000
564,608,0,28.024846000
559,616,0,28.025863000
532,637,0,28.028740000
552,632,0,28.030905000
531,625,0,28.035663000
540,633,0,28.036882000
528,624,0,28.037821000
555,602,0,28.038874000
537,626,0,28.043645000
541,634,0,28.044892000
551,609,0,28.046773000
524,622,0,28.047875000
559,628,0,28.049774000
554,608,0,28.053879000
559,608,0,28.057741000
552,633,0,28.058870000
549,620,0,28.060792000
542,606,0,28.061872000
556,604,0,28.064727000
545,624,0,28.065877000
567,618,0,28.068710000
526,618,0,28.069881000
526,631,0,28.071781000
557,605,0,28.073901000
555,624,0,28.074836000
535,623,0,28.076901000
567,619,0,28.079778000
549,607,0,28.080876000
550,628,0,28.081825000
544,608,0,28.082865000
529,630,0,28.087653000
553,605,0,28.088892000
535,622,0,28.090777000
529,632,0,28.091876000
552,609,0,28.094710000
527,616,0,28.098884000
570,606,0,28.101801000
540,616,0,28.102874000
542,640,0,28.104790000
552,607,0,28.105875000
529,625,0,28.109670000
546,628,0,28.110887000
557,638,0,28.112780000
